movieId,title,genres
1,Dark Rapid Fire,Action|Crime|Musical|Adventure
2,Final Journey to the Unknown,Adventure|War
3,Dark Shadows (1997),Horror|War
4,Secret The Animation Story,Animation|Action|Crime
5,Journey to the Unknown,Adventure|Comedy
6,Dark Mystery,Mystery|Crime|Romance
7,Lost Mystic Quest,Adventure|Sci-Fi
8,The Outlaw,Western|Animation|Drama|Thriller
9,Lost Future World,Sci-Fi|Adventure|Mystery|Children
10,Heartstrings,Romance|Fantasy|Western
11,The Film-Noir Story,Film-Noir|Fantasy|Documentary
12,Undercover,Crime|Musical|Comedy|Thriller
13,Life Stories,Drama|Horror|Romance|Western
14,The Film-Noir Story 1,Film-Noir|Mystery
15,Lawless,Crime|Horror
16,Ancient Magic,Fantasy|Crime|Western|Mystery
17,The Film-Noir Story 2,Film-Noir|Horror
18,The Musical Story,Musical|Children|Documentary
19,Happy Times,Comedy|Sci-Fi
20,The Conspiracy,Thriller|Romance
21,Unsolved Case,Mystery|Musical
22,Dark Nightmare,Horror|Fantasy|Film-Noir
23,Ancient Magic 1,Fantasy|Drama|Adventure|Animation
24,Deadly Game,Thriller|Crime|War
25,Last The Front Line,War|Comedy
26,War Stories,War|Animation|Crime|Mystery
27,The Children Story,Children|Fantasy|Adventure
28,Dark Midnight Terror,Horror|Film-Noir|Action|Drama
29,The Last Stand,Action|Children|Drama|Adventure
30,The Musical Story 1,Musical|Western
31,Hidden Truth,Thriller|Drama|Adventure|Action
32,Dark Digital Reality,Sci-Fi|War|Film-Noir|Children
33,Love Story,Romance|Drama|Mystery
34,The Curse,Horror|Crime|Documentary
35,The Children Story 1,Children|Documentary
36,The Children Story 2,Children|Drama|Mystery|Thriller
37,Final The Children Story,Children|Fantasy
38,The Joke,Comedy|Children|Western
39,Last Final Strike,Action|Film-Noir
40,The Curse 1,Horror|Mystery
41,Desert Storm,Western|Crime
42,The Children Story 3,Children|Documentary
43,Heartstrings (1986),Romance|Western|Fantasy|Documentary
44,The Long Road (2023),Drama|Thriller|War|Children
45,Laugh Out Loud,Comedy|Drama
46,First Love Story,Romance|Horror|Drama
47,War Stories 1,War|Film-Noir|Documentary|Mystery
48,Journey to the Unknown 1,Adventure|Drama
49,The War,War|Documentary
50,First The Film-Noir Story,Film-Noir|Documentary|War
51,Great Battlefield,War|Sci-Fi|Action|Musical
52,Final Hour,Thriller|Action|Fantasy|Children
53,Final Final Hour,Thriller|Film-Noir|Drama|Animation
54,Hidden The Documentary Story,Documentary|Crime
55,Happy Times (2007),Comedy|Fantasy|Thriller
56,The Musical Story 2,Musical|Thriller|Animation|Sci-Fi
57,Dark Shadows,Horror|Crime
58,Mystic Quest (2000),Adventure|Mystery|Romance|Film-Noir
59,Great The Film-Noir Story,Film-Noir|Adventure
60,The Children Story 4,Children|War
61,Dark The Children Story,Children|Horror|Western
62,First Magic Realm,Fantasy|Western|Documentary|Romance
63,Magic Realm,Fantasy|Musical
64,Final Laugh Out Loud,Comedy|Fantasy|Children
65,The Animation Story,Animation|Thriller|Fantasy
66,Dark Forever Yours,Romance|Animation|Western
67,Final The Film-Noir Story,Film-Noir|Mystery|Romance|Sci-Fi
68,The Film-Noir Story 3,Film-Noir|Western|Children|Drama
69,The Film-Noir Story 4,Film-Noir|Drama|Documentary|Action
70,The Film-Noir Story 5,Film-Noir|Children|Sci-Fi|Horror
71,The Children Story 5,Children|Drama|Adventure|Animation
72,The Musical Story 3,Musical|Mystery|Children
73,The Children Story 6,Children|War
74,Dark Dark Shadows,Horror|Adventure|Sci-Fi
75,Missing Piece,Mystery|Documentary
76,Final Hour 1,Thriller|Romance|Sci-Fi|Musical
77,Future World,Sci-Fi|Documentary
78,Bright The Documentary Story,Documentary|Thriller|Romance
79,The Children Story 7,Children|War|Fantasy|Animation
80,Time Paradox,Sci-Fi|Horror|Musical|Documentary
81,Broken Dreams,Drama|Fantasy|Sci-Fi|Action
82,The Last Stand 1,Action|Mystery|Western|Musical
83,Lost Street Justice,Crime|Documentary|Adventure
84,The Syndicate,Crime|Sci-Fi|Thriller
85,The Documentary Story,Documentary|Western
86,The Film-Noir Story 6,Film-Noir|War
87,Life Stories (2000),Drama|Western|Adventure
88,Ancient Secrets (1995),Adventure|Comedy|Mystery
89,The Documentary Story 1,Documentary|Animation|Romance
90,The Joke 1,Comedy|War|Children
91,Lost The Musical Story,Musical|Western|Drama|Action
92,First Deadly Game,Thriller|Musical|Action
93,The Animation Story 1,Animation|Romance|Adventure|Fantasy
94,Dark Shadows 1,Horror|Action|Drama
95,Dark Mystery 1,Mystery|Animation|War|Horror
96,Forever Yours,Romance|Film-Noir
97,Hidden Path,Adventure|Mystery|Animation
98,The War 1,War|Documentary|Drama|Animation
99,Final The Syndicate,Crime|Sci-Fi
100,Hidden The Enchanted,Fantasy|Children|Western
101,Bright The Conspiracy,Thriller|Mystery|Adventure|Film-Noir
102,The Front Line,War|Drama|Animation|Horror
103,The Musical Story 4,Musical|Western|War|Sci-Fi
104,The Outlaw 1,Western|War|Mystery|Action
105,War Stories (1992),War|Romance
106,The Musical Story (2023),Musical|Fantasy|Film-Noir
107,Lost The Animation Story,Animation|Adventure|Comedy
108,The Children Story 8,Children|Comedy|Crime
109,War Stories 2,War|Thriller|Crime
110,Street Justice (1998),Crime|Children|Action
111,The Legend,Fantasy|Horror|Western
112,Space Station Alpha,Sci-Fi|Horror
113,First Lawless,Crime|Adventure|Animation
114,Final Unsolved Case,Mystery|Animation|Thriller
115,Bright The Documentary Story 1,Documentary|Film-Noir
116,The Secret (2006),Mystery|Documentary|War|Thriller
117,Happy Times 1,Comedy|Western|Drama
118,Dark Mission,Action|Documentary|Musical
119,Great The Children Story,Children|Crime
120,Deadly Force,Action|Film-Noir|Western|Animation
121,Dark Deadly Force,Action|Children|Drama
122,Last Heartstrings,Romance|Fantasy|Documentary
123,Last True Love,Romance|War|Adventure
124,Hidden Digital Reality,Sci-Fi|Musical|Mystery
125,The Documentary Story (2022),Documentary|Western
126,The Children Story 9,Children|War|Documentary
127,Battlefield,War|Action
128,Unsolved Case 1,Mystery|Documentary
129,Last The Film-Noir Story,Film-Noir|Western
130,The Children Story 10,Children|Adventure|Fantasy
131,True Love,Romance|Horror
132,The Decision (1985),Drama|Animation|Comedy|Western
133,Hidden Truth 1,Thriller|Action|Fantasy|Horror
134,First The Musical Story,Musical|Action
135,The Chase,Thriller|Fantasy
136,Great The Film-Noir Story 1,Film-Noir|Animation|Drama|Musical
137,The Long Road,Drama|Documentary|Children
138,Alien Contact,Sci-Fi|Romance|Musical
139,The Children Story (1997),Children|Thriller|Fantasy
140,The Animation Story 2,Animation|Sci-Fi|Fantasy
141,The Heist (2013),Crime|Thriller
142,The Long Road 1,Drama|Animation|Children
143,The Ranch,Western|Mystery|Adventure|Children
144,Final Comedy Central,Comedy|Documentary
145,Love Story 1,Romance|Adventure|Sci-Fi|Crime
146,The Legend 1,Fantasy|Western|Comedy
147,The Film-Noir Story (2006),Film-Noir|Sci-Fi|Children
148,The Documentary Story 2,Documentary|Horror
149,Dark Shadows 2,Horror|Crime
150,First The Documentary Story,Documentary|Drama|Western
151,Ancient Secrets,Adventure|Drama|Film-Noir
152,The Front Line (1998),War|Musical
153,Hidden Battlefield,War|Adventure|Crime
154,Great The Musical Story,Musical|Crime
155,Future World 1,Sci-Fi|Drama|Documentary
156,Lost Midnight Terror,Horror|Thriller
157,The Children Story (1987),Children|Thriller|Comedy
158,Final The Outlaw,Western|Thriller|Documentary|Adventure
159,Mystic Quest,Adventure|Animation
160,Lost The Film-Noir Story,Film-Noir|Adventure
161,Street Justice,Crime|Western|Musical
162,The Secret,Mystery|Western
163,Secret The Film-Noir Story,Film-Noir|Children|War
164,The Film-Noir Story 7,Film-Noir|Action|Romance|Drama
165,The Musical Story 5,Musical|Mystery|Sci-Fi|Animation
166,Last The Legend,Fantasy|War|Mystery|Documentary
167,Space Station Alpha (2021),Sci-Fi|Drama
168,Digital Reality,Sci-Fi|Western
169,Final Hour 2,Thriller|Sci-Fi|Crime|Fantasy
170,Alien Contact (2006),Sci-Fi|Thriller|Mystery|Action
171,The Animation Story 3,Animation|War
172,The Musical Story 6,Musical|Western|War
173,Hidden Path (2011),Adventure|Musical|Thriller|Comedy
174,The Documentary Story (2009),Documentary|Children|Western
175,Future World 2,Sci-Fi|Crime|Adventure|Western
176,Hidden The Documentary Story 1,Documentary|War|Comedy
177,Final Hour 3,Thriller|Children|Western|Mystery
178,Lost Dark Mission,Action|Fantasy
179,Last Battlefield,War|Animation|Children
180,The Documentary Story 3,Documentary|Drama
181,Lawless 1,Crime|Children|Western
182,Broken Dreams 1,Drama|Film-Noir
183,Secret Nightmare,Horror|Western
184,Journey to the Unknown 2,Adventure|Horror|Fantasy|War
185,The Outlaw 2,Western|War
186,Funny Business,Comedy|Fantasy
187,Ancient Secrets (1990),Adventure|Sci-Fi|Horror
188,Hidden The Last Stand,Action|Musical
189,Dark The Children Story 1,Children|Comedy|Animation
190,The Animation Story 4,Animation|Romance|Comedy|Musical
191,Wild West,Western|Animation|Children
192,Dark The Outlaw,Western|Film-Noir|Fantasy
193,Ancient Magic 2,Fantasy|Musical
194,The Animation Story 5,Animation|Fantasy|Thriller|Musical
195,Desert Storm 1,Western|Musical|Action|Romance
196,Fading Light,Drama|Romance
197,The Musical Story 7,Musical|Animation
198,Hidden Rapid Fire,Action|Crime
199,Ancient Secrets 1,Adventure|War
200,The Film-Noir Story (1985),Film-Noir|War|Romance
201,The Clue,Mystery|Action
202,Forever Yours 1,Romance|Adventure|Action|Film-Noir
203,The Secret (1996),Mystery|Musical|Western|Drama
204,Bright The Children Story,Children|War
205,Comedy Central (2012),Comedy|Fantasy|Film-Noir
206,The War 2,War|Western|Documentary
207,Time Paradox 1,Sci-Fi|Mystery|Romance|Comedy
208,Great The Animation Story,Animation|War|Adventure|Children
209,Hidden The Film-Noir Story,Film-Noir|Drama|Musical
210,The Conspiracy 1,Thriller|Animation|Sci-Fi
211,Secret The Children Story,Children|Documentary|Comedy|Action
212,Last Life Stories,Drama|Children|Fantasy
213,Dark Mystery (1983),Mystery|War
214,The Documentary Story 4,Documentary|Musical|Sci-Fi|Comedy
215,Lost Combat Zone,War|Crime
216,The Documentary Story (1989),Documentary|Romance
217,Secret Laugh Out Loud,Comedy|Fantasy|War
218,The Ranch (1994),Western|Musical|Documentary|Children
219,Bright The Chase,Thriller|Comedy|War
220,Undercover 1,Crime|Romance
221,The Animation Story 6,Animation|Adventure|Western|Crime
222,Hidden Fading Light,Drama|Horror|Adventure
223,The Front Line 1,War|Film-Noir
224,The Documentary Story 5,Documentary|Comedy|Children|War
225,Undercover 2,Crime|Children
226,Love Story 2,Romance|Adventure
227,Hidden Dark Mission,Action|Crime
228,Final Strike (2010),Action|Horror|Sci-Fi|Comedy
229,The Animation Story 7,Animation|Comedy|Film-Noir|Documentary
230,Heartstrings 1,Romance|Film-Noir
231,Battlefield (2005),War|Action|Documentary
232,The Film-Noir Story 8,Film-Noir|Mystery|Drama|Adventure
233,Hidden Path 1,Adventure|Animation|Musical
234,Final Digital Reality,Sci-Fi|Action
235,Lost Treasure,Adventure|Documentary|Musical|Fantasy
236,Deadly Force 1,Action|Drama|Adventure|Crime
237,The Film-Noir Story 9,Film-Noir|Fantasy|Crime|Sci-Fi
238,The Children Story 11,Children|Mystery
239,The Legend 2,Fantasy|Film-Noir|Comedy
240,The Chase 1,Thriller|Fantasy
241,The Children Story 12,Children|Adventure|Crime
242,Desert Storm 2,Western|Animation
243,Combat Zone,War|Action|Documentary
244,Magic Realm 1,Fantasy|Action
245,Dark The Curse,Horror|Western|Sci-Fi
246,Wild West 1,Western|Comedy|Film-Noir
247,Last Final Strike 1,Action|Horror|Animation
248,Secret Hidden Path,Adventure|Comedy|Musical
249,Hidden Nightmare,Horror|Animation|War|Thriller
250,The Animation Story 8,Animation|Musical|Sci-Fi
251,Secret Combat Zone,War|Crime|Fantasy
252,Funny Business 1,Comedy|Mystery
253,Great The Children Story 1,Children|Sci-Fi|Animation|Western
254,Desert Storm 3,Western|Film-Noir|Mystery|Thriller
255,Great The Musical Story 1,Musical|Comedy
256,Ancient Magic 3,Fantasy|Horror|Comedy
257,Battlefield 1,War|Documentary|Sci-Fi
258,Dark Mystery 2,Mystery|Drama|Sci-Fi
259,The Documentary Story (2014),Documentary|Adventure|Film-Noir
260,Bright Lawless,Crime|Romance|Musical
261,Hidden Truth 2,Thriller|Romance
262,The Chase 2,Thriller|Children|Romance|Film-Noir
263,Lost The Film-Noir Story 1,Film-Noir|Horror
264,Mystical Powers (2014),Fantasy|Musical
265,Final True Love,Romance|Sci-Fi
266,Alien Contact 1,Sci-Fi|Horror|Comedy|Fantasy
267,Final Broken Dreams,Drama|Fantasy
268,The Curse 2,Horror|Action
269,The Musical Story (1998),Musical|Fantasy|Western|Adventure
270,First Battlefield,War|Animation
271,Great Missing Piece,Mystery|War|Western
272,The Conspiracy 2,Thriller|Action|Musical|War
273,Ancient Magic 4,Fantasy|Animation
274,Fading Light 1,Drama|Animation|Sci-Fi
275,Dark Happy Times,Comedy|Musical|Adventure|Film-Noir
276,Life Stories 1,Drama|Horror|War
277,Great Undercover,Crime|Fantasy|Thriller|Western
278,Deadly Game 1,Thriller|War
279,True Love 1,Romance|Documentary|Horror
280,Comedy Central (2006),Comedy|Documentary|Crime|Animation
281,Rapid Fire (2015),Action|Animation|Horror
282,The Conspiracy (2018),Thriller|Horror
283,Great Life Stories,Drama|Film-Noir|Animation|Horror
284,Dark Mystery 3,Mystery|Film-Noir
285,Battlefield 2,War|Comedy|Adventure|Romance
286,Desert Storm (2001),Western|Crime|Horror
287,Mystical Powers,Fantasy|Adventure|Western|Crime
288,Hidden Comedy Central,Comedy|Drama|Musical
289,Journey to the Unknown 3,Adventure|Thriller|Sci-Fi|War
290,First Deadly Game 1,Thriller|Drama
291,The Last Stand 2,Action|Documentary|Horror
292,Final The Animation Story,Animation|Horror|Drama
293,First Funny Business,Comedy|Action
294,Great Final Hour,Thriller|Drama|War|Musical
295,Nightmare,Horror|Children|Western|Fantasy
296,Broken Dreams 2,Drama|Romance|Western|Animation
297,Happy Times 2,Comedy|Documentary
298,The Children Story (1982),Children|Action|Romance
299,Ancient Magic 5,Fantasy|Comedy|Action|Horror
300,The Animation Story 9,Animation|Drama|Children|Sci-Fi
301,Last Nightmare,Horror|Mystery
302,Last The Conspiracy,Thriller|Horror|Romance|Mystery
303,Secret Deadly Force,Action|Drama|Children
304,Deadly Game 2,Thriller|Fantasy
305,War Stories 3,War|Film-Noir|Children
306,The Promise,Romance|Children|Western|Crime
307,The Animation Story 10,Animation|War
308,First The War,War|Fantasy|Film-Noir|Children
309,The Heist (2013) 1,Crime|Drama|Film-Noir
310,The Documentary Story (1988),Documentary|Children|Action|Musical
311,Hidden Path 2,Adventure|Crime|Comedy|Horror
312,The Documentary Story 6,Documentary|Adventure|War
313,The Animation Story (2010),Animation|Action
314,Dark Mission 1,Action|Children|Comedy
315,Bright Laugh Out Loud,Comedy|Musical|Adventure|Western
316,Hidden The Outlaw,Western|Musical|Comedy|Sci-Fi
317,The Chase 3,Thriller|Action|Western|Children
318,The Musical Story 8,Musical|Fantasy|Adventure
319,Bright The Film-Noir Story,Film-Noir|Musical
320,Dark Shadows 3,Horror|Romance|Thriller|Action
321,The Animation Story 11,Animation|Sci-Fi
322,The Outlaw 3,Western|Musical|Fantasy
323,Last Missing Piece,Mystery|Romance|Action|Animation
324,Great The Film-Noir Story 2,Film-Noir|Crime|Comedy|Animation
325,Forever Yours 2,Romance|Fantasy
326,Final Midnight Terror,Horror|Documentary|Western|Fantasy
327,Comedy Central,Comedy|Musical|Fantasy|Adventure
328,First The Secret,Mystery|Drama
329,The Film-Noir Story 10,Film-Noir|Romance|Documentary
330,Love Story (1985),Romance|Film-Noir|Horror|Crime
331,Lost Treasure (2002),Adventure|War|Drama|Fantasy
332,Great Life Stories 1,Drama|Comedy|Crime
333,Midnight Terror (1981),Horror|Mystery
334,Hidden The Chase,Thriller|Horror|Drama|Western
335,The Documentary Story 7,Documentary|Animation|Crime
336,The Documentary Story 8,Documentary|Drama|Animation
337,Great Final Hour 1,Thriller|Fantasy
338,The Legend 3,Fantasy|Comedy|Mystery
339,The Secret 1,Mystery|Comedy|Thriller
340,The Ranch (2021),Western|Fantasy|Drama|War
341,The Ranch (2015),Western|Comedy
342,The Film-Noir Story 11,Film-Noir|Adventure|Action
343,Nightmare 1,Horror|Thriller|Children|Adventure
344,Last The Children Story,Children|Mystery|Comedy
345,Frontier Justice,Western|Horror|Fantasy
346,Magic Realm 2,Fantasy|Action|Animation
347,Hidden Future World,Sci-Fi|Horror|Drama
348,Fading Light 2,Drama|Comedy
349,The Curse 3,Horror|Mystery
350,Last Battlefield 1,War|Romance|Musical
351,Dark Mission 2,Action|War
352,Dark Mystery 4,Mystery|Crime|Action
353,Final Hidden Path,Adventure|Sci-Fi|Film-Noir|Horror
354,Lost The Documentary Story,Documentary|Sci-Fi|Adventure|Mystery
355,Digital Reality 1,Sci-Fi|Drama|Musical
356,Midnight Terror,Horror|Western|Film-Noir
357,War Stories 4,War|Horror|Animation
358,The Film-Noir Story 12,Film-Noir|Sci-Fi|Drama
359,The War 3,War|Comedy
360,Final The Film-Noir Story 1,Film-Noir|Crime|Musical|Romance
361,The Musical Story 9,Musical|War|Action|Horror
362,Dark Mystery 5,Mystery|Horror|Romance
363,The Animation Story 12,Animation|Adventure|Mystery
364,The Children Story 13,Children|Adventure
365,Final Comedy Central 1,Comedy|Children|War|Film-Noir
366,The Clue 1,Mystery|Animation|Sci-Fi|Fantasy
367,The Curse 4,Horror|Children|War|Documentary
368,Love Story 3,Romance|War|Horror
369,The Conspiracy 3,Thriller|Mystery|Comedy
370,Bright The Animation Story,Animation|Comedy|Musical
371,Bright The Front Line,War|Fantasy|Comedy|Drama
372,The Children Story 14,Children|Documentary
373,Alien Contact 2,Sci-Fi|Musical
374,The Documentary Story (2020),Documentary|Horror
375,Dark Fading Light,Drama|Western|Action
376,The Children Story 15,Children|Romance
377,The Chase (2002),Thriller|Comedy|Western
378,The Musical Story (2016),Musical|Documentary|Western|Animation
379,Mystical Powers 1,Fantasy|Drama|War
380,Final Strike,Action|Drama|War|Animation
381,Last Hidden Truth,Thriller|Musical
382,True Love (1981),Romance|Film-Noir|Horror|Comedy
383,The Front Line 2,War|Drama|Romance
384,The Haunting,Horror|War
385,Frontier Justice 1,Western|Romance
386,The Film-Noir Story 13,Film-Noir|Adventure
387,The Conspiracy 4,Thriller|Romance|Musical|Crime
388,Secret The Musical Story,Musical|Drama|Animation
389,Secret Mystical Powers,Fantasy|Sci-Fi|Mystery|Comedy
390,Missing Piece 1,Mystery|Crime|Thriller
391,Secret The Syndicate,Crime|Mystery
392,Last Space Station Alpha,Sci-Fi|Adventure|Western
393,Great Dark Mystery,Mystery|Horror|Western
394,The Syndicate 1,Crime|Action|Musical|Horror
395,The Animation Story 13,Animation|Documentary|Drama
396,The Clue 2,Mystery|Romance|War
397,First The Enchanted,Fantasy|Film-Noir|Sci-Fi
398,Lost The Documentary Story 1,Documentary|Horror|Comedy
399,War Stories 5,War|Children
400,Bright The Decision,Drama|Mystery|War
401,Lost The Documentary Story 2,Documentary|Romance
402,Great The Conspiracy,Thriller|Crime|Western|War
403,The Children Story (1981),Children|War|Thriller
404,Space Station Alpha 1,Sci-Fi|Animation
405,Dark Shadows 4,Horror|Western|Crime
406,Magic Realm 3,Fantasy|Comedy|War
407,Secret Alien Contact,Sci-Fi|Action|Film-Noir|War
408,Dark The Outlaw 1,Western|War|Children|Musical
409,Final Mystic Quest,Adventure|Animation|Horror|Musical
410,The Children Story 16,Children|Thriller|Sci-Fi|Action
411,Lawless 2,Crime|Film-Noir|Children
412,Broken Dreams 3,Drama|War|Western
413,Hidden The Outlaw 1,Western|Documentary|War|Mystery
414,The Animation Story 14,Animation|Crime|War|Film-Noir
415,The Children Story 17,Children|Romance
416,The Musical Story 10,Musical|Film-Noir|Children|Animation
417,Undercover 3,Crime|Romance
418,Nightmare (1986),Horror|Film-Noir
419,The Animation Story (2021),Animation|Mystery|Action
420,Heartstrings 2,Romance|Musical|Crime
421,Rapid Fire,Action|Children|War
422,The Clue (2002),Mystery|Action|Film-Noir|Children
423,The Heist,Crime|Sci-Fi
424,Last War Stories,War|Fantasy|Comedy
425,Ancient Magic 6,Fantasy|Musical
426,Lost The Documentary Story 3,Documentary|Thriller|Horror|Action
427,The Film-Noir Story (2023),Film-Noir|Animation|Action|Horror
428,The Last Stand 3,Action|Western|Thriller|Crime
429,The Last Stand 4,Action|Adventure
430,Final Hour 4,Thriller|Documentary|Film-Noir
431,The Documentary Story 9,Documentary|Horror|Adventure|Mystery
432,Midnight Terror 1,Horror|Action|Thriller|Mystery
433,The Animation Story (1992),Animation|Thriller|Documentary
434,Lost Lawless,Crime|Comedy
435,Final Hour (1986),Thriller|Adventure
436,Hidden Lawless,Crime|Animation|Comedy|Horror
437,Secret The Children Story 1,Children|Western|Crime|Animation
438,The Haunting 1,Horror|Fantasy|Film-Noir|Mystery
439,Lost Undercover,Crime|Romance|Fantasy
440,Final The Long Road,Drama|Mystery
441,War Stories (2016),War|Sci-Fi|Western
442,Alien Contact 3,Sci-Fi|Children|Animation
443,Laugh Out Loud 1,Comedy|Western|Fantasy
444,Lost Love Story,Romance|Action
445,Unsolved Case (2014),Mystery|Crime|Animation
446,Last Nightmare 1,Horror|Sci-Fi|Crime|Thriller
447,Ancient Magic 7,Fantasy|Crime|Musical|Drama
448,The Clue 3,Mystery|Drama|Film-Noir|Comedy
449,War Stories (2015),War|Documentary
450,Hidden The Film-Noir Story 1,Film-Noir|Thriller
451,Undercover 4,Crime|War
452,Great The Promise,Romance|Adventure|Thriller|Children
453,Bright Future World,Sci-Fi|Mystery
454,The Film-Noir Story 14,Film-Noir|Fantasy
455,Street Justice 1,Crime|Animation|Thriller|Musical
456,The Animation Story 15,Animation|Comedy|Action|War
457,The Ranch 1,Western|War|Sci-Fi|Fantasy
458,First Battlefield 1,War|Animation|Fantasy
459,Hidden Truth 3,Thriller|War|Romance|Mystery
460,Final Alien Contact,Sci-Fi|Animation
461,Bright Final Hour,Thriller|Adventure
462,Unsolved Case 2,Mystery|Animation|Crime
463,The Heist (2023),Crime|Adventure
464,The Film-Noir Story 15,Film-Noir|Children
465,Dark Shadows 5,Horror|Action|Mystery|Fantasy
466,The Curse 5,Horror|Drama|Animation|Sci-Fi
467,The Children Story (1996),Children|Crime|Sci-Fi|Drama
468,Broken Dreams 4,Drama|Documentary|Sci-Fi|Western
469,Forever Yours 3,Romance|Documentary|Children
470,The Last Stand 5,Action|Horror
471,Happy Times 3,Comedy|Children|Musical
472,Lost The Documentary Story 4,Documentary|War
473,The Secret 2,Mystery|Documentary|War|Drama
474,Final The Documentary Story,Documentary|Comedy|Fantasy
475,Journey to the Unknown 4,Adventure|Fantasy|Action|Animation
476,Digital Reality 2,Sci-Fi|Thriller|Western
477,The Film-Noir Story 16,Film-Noir|Documentary
478,Magic Realm 4,Fantasy|Thriller|Film-Noir
479,The Musical Story 11,Musical|Animation|Crime|Children
480,Dark Mystery 6,Mystery|Comedy|War
481,First Nightmare,Horror|Romance
482,Wild West 2,Western|Comedy
483,Hidden Love Story,Romance|Documentary|Horror
484,Hidden Space Station Alpha,Sci-Fi|Children
485,The Syndicate 2,Crime|Musical|Mystery|Western
486,Future World 3,Sci-Fi|Comedy
487,The Legend 4,Fantasy|Drama
488,The Enchanted (2019),Fantasy|Crime
489,Laugh Out Loud 2,Comedy|Children|Sci-Fi
490,The Clue 4,Mystery|Film-Noir|Horror
491,The Long Road 2,Drama|War|Animation|Action
492,The Children Story 18,Children|Western|Fantasy|Action
493,Last Deadly Game,Thriller|Romance
494,The Outlaw (2010),Western|Mystery|Horror
495,Battlefield 3,War|Film-Noir|Sci-Fi|Horror
496,Frontier Justice 2,Western|Mystery
497,The Film-Noir Story 17,Film-Noir|Sci-Fi|Animation
498,The Musical Story 12,Musical|Adventure|Western|Animation
499,Great The Long Road,Drama|Horror|Romance
500,Last Midnight Terror,Horror|Animation
501,Great The Documentary Story,Documentary|Comedy|Crime
502,Secret The Musical Story 1,Musical|Documentary|Sci-Fi|Animation
503,The Long Road 3,Drama|Crime|Adventure|Sci-Fi
504,Hidden Frontier Justice,Western|Fantasy
505,Missing Piece 2,Mystery|Thriller
506,Rapid Fire (1995),Action|Sci-Fi
507,Love Story 4,Romance|War|Children|Fantasy
508,The Outlaw 4,Western|Crime|Sci-Fi
509,Hidden Street Justice,Crime|Adventure|Sci-Fi
510,Lost Treasure 1,Adventure|Documentary|Children|Crime
511,Life Stories 2,Drama|Horror|Crime
512,Journey to the Unknown 5,Adventure|Musical|Documentary|Comedy
513,The Documentary Story 10,Documentary|Drama|Western
514,The Legend (1984),Fantasy|Thriller
515,The Curse 6,Horror|Fantasy|Romance
516,Street Justice (2012),Crime|Documentary
517,The Musical Story 13,Musical|Western
518,Hidden The Documentary Story 2,Documentary|Film-Noir|Mystery
519,Battlefield 4,War|Documentary
520,The Secret 3,Mystery|Drama|Sci-Fi
521,Great Life Stories 2,Drama|Film-Noir|Thriller|Children
522,Final Hour 5,Thriller|Horror
523,Great Fading Light,Drama|Fantasy
524,The Musical Story (1986),Musical|Thriller|Film-Noir|Horror
525,Life Stories 3,Drama|Horror|Thriller|Children
526,Bright Time Paradox,Sci-Fi|Fantasy|Crime
527,The Musical Story 14,Musical|Adventure
528,First The War 1,War|Drama|Action|Thriller
529,Bright Funny Business,Comedy|Sci-Fi
530,Space Station Alpha (1988),Sci-Fi|Documentary
531,The Musical Story 15,Musical|Thriller
532,The Children Story 19,Children|Horror|Drama
533,Ancient Secrets 2,Adventure|Thriller|War
534,Last The Promise,Romance|Children|Horror|War
535,Street Justice 2,Crime|War|Horror|Film-Noir
536,Bright The Haunting,Horror|Drama|Romance
537,Secret The Children Story 2,Children|Thriller|Action
538,The Ranch (1997),Western|Romance|Children|Action
539,The Musical Story 16,Musical|Film-Noir|Children|Romance
540,The Film-Noir Story 18,Film-Noir|Fantasy|Children
541,Journey to the Unknown (1995),Adventure|Western|Drama|Horror
542,The Ranch (1996),Western|Film-Noir|War|Adventure
543,The Enchanted,Fantasy|Adventure|Mystery|Film-Noir
544,Rapid Fire 1,Action|Fantasy
545,The Film-Noir Story 19,Film-Noir|Musical|Sci-Fi|Action
546,Hidden The Musical Story,Musical|Documentary
547,Unsolved Case (2005),Mystery|Comedy
548,The Film-Noir Story 20,Film-Noir|Documentary
549,Dark The Last Stand,Action|Horror|Sci-Fi
550,Deadly Game 3,Thriller|Comedy|Drama
551,Forever Yours (1981),Romance|Sci-Fi|Adventure
552,The Syndicate 3,Crime|Animation|Romance|Musical
553,The Musical Story 17,Musical|Horror
554,Laugh Out Loud 3,Comedy|Thriller
555,Funny Business 2,Comedy|War
556,Fading Light (1983),Drama|Crime|Comedy|Documentary
557,The Documentary Story 11,Documentary|Western
558,Magic Realm 5,Fantasy|Thriller|Comedy
559,Magic Realm (2004),Fantasy|Crime|Comedy|Sci-Fi
560,The Animation Story 16,Animation|Mystery|Children|Fantasy
561,The Children Story 20,Children|Drama
562,Nightmare 2,Horror|Western|Romance|Crime
563,First The Clue,Mystery|Action|Adventure|Animation
564,Rapid Fire 2,Action|Fantasy
565,Lost The Film-Noir Story 2,Film-Noir|Mystery|Horror
566,The Clue 5,Mystery|Documentary
567,Battlefield 5,War|Fantasy|Horror|Mystery
568,The Children Story 21,Children|Fantasy
569,Hidden Path 3,Adventure|Action|Western|Crime
570,The Syndicate 4,Crime|Thriller|Animation
571,The Outlaw 5,Western|Romance
572,The Syndicate 5,Crime|Children|Musical
573,Dark Time Paradox,Sci-Fi|Comedy|Adventure
574,Midnight Terror (1987),Horror|Sci-Fi
575,Secret Mystic Quest,Adventure|Horror|War|Action
576,The Documentary Story 12,Documentary|War|Crime
577,The Film-Noir Story 21,Film-Noir|Children|Crime
578,Bright Ancient Magic,Fantasy|Film-Noir|Musical
579,The Animation Story 17,Animation|War
580,Time Paradox (2001),Sci-Fi|Musical|Horror
581,Dark Mystery (2021),Mystery|Action
582,Unsolved Case 3,Mystery|Crime
583,The Film-Noir Story 22,Film-Noir|Thriller
584,The Promise 1,Romance|Action
585,Great The Secret,Mystery|Drama|Thriller|Fantasy
586,Great Wild West,Western|Thriller
587,The Musical Story 18,Musical|Adventure|Romance
588,The Curse 7,Horror|War
589,The Children Story 22,Children|Musical
590,The Syndicate 6,Crime|Western
591,The Film-Noir Story (1998),Film-Noir|Musical|Action
592,Lawless (1994),Crime|Romance|Comedy
593,Magic Realm (1987),Fantasy|Mystery
594,The Musical Story 19,Musical|Documentary|Drama|Children
595,Combat Zone 1,War|Animation|Crime|Horror
596,Last The Conspiracy 1,Thriller|Romance|Comedy
597,Hidden The Film-Noir Story 2,Film-Noir|Drama
598,Dark The Animation Story,Animation|Horror|Adventure|War
599,The Animation Story 18,Animation|Action|War|Horror
600,True Love 2,Romance|Mystery|Musical|Horror
601,The Clue 6,Mystery|Horror|Documentary|Action
602,Unsolved Case (1992),Mystery|Adventure|Fantasy|Children
603,Great Lawless,Crime|Action
604,Dark Dark Mission,Action|Western|Children
605,Undercover (1993),Crime|Action|Children|Fantasy
606,The Animation Story 19,Animation|Documentary
607,Midnight Terror 2,Horror|Sci-Fi|Film-Noir|Thriller
608,War Stories 6,War|Thriller
609,The Animation Story 20,Animation|Thriller|Action
610,Last Nightmare 2,Horror|Mystery|Action|Film-Noir
611,Magic Realm 6,Fantasy|Horror|Thriller|Drama
612,The Animation Story 21,Animation|Romance
613,Dark The Syndicate,Crime|Sci-Fi|Documentary|Children
614,Dark The Conspiracy,Thriller|Animation
615,The Children Story (1983),Children|Documentary|Adventure|Comedy
616,Future World 4,Sci-Fi|Fantasy|Musical|Horror
617,The Last Stand 6,Action|Horror
618,Dark Dark Shadows 1,Horror|Action|Film-Noir|War
619,The Film-Noir Story 23,Film-Noir|Drama|Children|Horror
620,Last The Front Line 1,War|Action|Romance|Animation
621,Deadly Game 4,Thriller|Sci-Fi
622,The Animation Story 22,Animation|Western|Comedy|Fantasy
623,Last The Outlaw,Western|Sci-Fi|Crime
624,The Animation Story 23,Animation|Crime|Western
625,Mystical Powers 2,Fantasy|Adventure
626,Love Story 5,Romance|Documentary
627,Funny Business 3,Comedy|Adventure|Sci-Fi|Thriller
628,Forever Yours 4,Romance|Documentary|Adventure|Children
629,Dark Dark Mission 1,Action|Romance|Comedy
630,The Film-Noir Story 24,Film-Noir|Romance|Drama
631,Hidden Truth 4,Thriller|War|Adventure|Fantasy
632,The Animation Story 24,Animation|Film-Noir|Adventure|Horror
633,The Animation Story 25,Animation|Horror
634,The Film-Noir Story 25,Film-Noir|Fantasy
635,Bright Deadly Game,Thriller|Musical|Action
636,The Documentary Story 13,Documentary|Musical|War|Children
637,The Film-Noir Story 26,Film-Noir|Musical|Western
638,Deadly Force 2,Action|Sci-Fi|Thriller
639,Magic Realm (1986),Fantasy|Documentary|Crime|Romance
640,The Musical Story (2021),Musical|Children|War|Thriller
641,Lost The Outlaw,Western|Drama|Fantasy|Adventure
642,The Children Story 23,Children|Western
643,Unsolved Case (1999),Mystery|Animation|Thriller
644,Unsolved Case 4,Mystery|Romance
645,Hidden Path 4,Adventure|Sci-Fi
646,Final Love Story,Romance|War|Thriller
647,Bright Final Hour 1,Thriller|Fantasy
648,The Haunting (1989),Horror|Western|Film-Noir
649,The Animation Story 26,Animation|Western
650,Lost Alien Contact,Sci-Fi|Film-Noir|Adventure
651,Lawless 3,Crime|Mystery|Documentary|Children
652,Funny Business 4,Comedy|War
653,The Documentary Story 14,Documentary|Musical|Action
654,Wild West (2018),Western|Horror|Action
655,The Children Story (1992),Children|Thriller|Animation
656,Dark The Documentary Story,Documentary|Musical
657,Ancient Magic 8,Fantasy|Comedy|Western|Musical
658,First Magic Realm 1,Fantasy|Sci-Fi
659,Wild West (2023),Western|Children
660,War Stories 7,War|Western|Comedy
661,The Syndicate 7,Crime|Adventure
662,Dark Mystery 7,Mystery|War
663,War Stories (1983),War|Thriller|Mystery
664,Great Dark Mission,Action|War|Sci-Fi|Drama
665,Deadly Force (2022),Action|Drama
666,Secret Combat Zone 1,War|Animation|Crime
667,The Musical Story 20,Musical|Horror
668,Dark Street Justice,Crime|Mystery|Drama
669,Rapid Fire 3,Action|Adventure|Western|Horror
670,The Conspiracy 5,Thriller|Mystery|Adventure
671,Dark Deadly Force 1,Action|Romance
672,Bright The Outlaw,Western|Thriller
673,Hidden Ancient Magic,Fantasy|Western|Children
674,Laugh Out Loud 4,Comedy|Adventure|Drama
675,Dark The Documentary Story 1,Documentary|Musical
676,Lost Hidden Truth,Thriller|Musical
677,Space Station Alpha 2,Sci-Fi|Animation|Crime|Adventure
678,Unsolved Case 5,Mystery|Crime|Western
679,The Children Story 24,Children|Crime
680,The Ranch (2016),Western|Comedy|Fantasy|Adventure
681,The Promise 2,Romance|Western
682,The Clue 7,Mystery|Fantasy|Action
683,Frontier Justice 3,Western|Thriller
684,Bright The Film-Noir Story 1,Film-Noir|Action|Western
685,Missing Piece (1985),Mystery|Action|Thriller
686,Laugh Out Loud 5,Comedy|Drama|Musical
687,Final The Decision,Drama|Crime
688,Great The Joke,Comedy|Crime|Drama|Children
689,The Animation Story 27,Animation|Musical|Comedy|Western
690,Final Final Hour 1,Thriller|Fantasy|Animation|Film-Noir
691,The Clue 8,Mystery|Sci-Fi
692,The Musical Story 21,Musical|Thriller|Action
693,Fading Light 3,Drama|Crime|Film-Noir|Documentary
694,Lost Treasure 2,Adventure|Action|Mystery
695,The Haunting (2023),Horror|Thriller
696,The Ranch 2,Western|Musical
697,Bright The Animation Story 1,Animation|Crime
698,The Film-Noir Story 27,Film-Noir|Drama|Romance
699,The Documentary Story 15,Documentary|Drama|Animation
700,Midnight Terror (1985),Horror|Fantasy
701,Great The Documentary Story 1,Documentary|Crime|Horror
702,Dark Shadows 6,Horror|Animation|Western|Adventure
703,The Animation Story 28,Animation|Horror|Comedy|Drama
704,Alien Contact 4,Sci-Fi|Musical|Romance
705,First The Haunting,Horror|Adventure|Romance|War
706,Dark The Documentary Story 2,Documentary|Thriller|Comedy|Drama
707,The Conspiracy 6,Thriller|Horror
708,Final The Animation Story 1,Animation|Film-Noir
709,The Film-Noir Story 28,Film-Noir|Musical
710,Broken Dreams 5,Drama|Action|War
711,Bright Final Hour 2,Thriller|Romance|Children
712,The Musical Story 22,Musical|Thriller
713,The Film-Noir Story 29,Film-Noir|Drama
714,The Outlaw (1988),Western|Mystery|Fantasy
715,The Animation Story 29,Animation|Adventure
716,Alien Contact (1997),Sci-Fi|Documentary|Action|Drama
717,The Conspiracy (2006),Thriller|War
718,Magic Realm 7,Fantasy|Crime|Film-Noir|War
719,The Last Stand 7,Action|Documentary|Fantasy
720,Magic Realm (2001),Fantasy|Adventure|Romance
721,Digital Reality 3,Sci-Fi|Crime|Romance
722,The Front Line 3,War|Sci-Fi
723,Frontier Justice 4,Western|Drama|Mystery
724,The Conspiracy 7,Thriller|Romance|Drama
725,Hidden The Clue,Mystery|Children|Sci-Fi
726,The Children Story 25,Children|Animation|Western|Comedy
727,Lost The Animation Story 1,Animation|Fantasy|Sci-Fi
728,Battlefield (1993),War|Crime|Children
729,Magic Realm 8,Fantasy|Documentary
730,Lawless (2018),Crime|Thriller
731,Lost Ancient Magic,Fantasy|Adventure
732,Fading Light 4,Drama|Western
733,The Documentary Story 16,Documentary|Comedy|Western
734,The Animation Story (1989),Animation|Fantasy
735,Fading Light 5,Drama|Mystery|Fantasy|Western
736,Love Story 6,Romance|War|Crime|Comedy
737,Deadly Game (1995),Thriller|Musical
738,The Children Story 26,Children|Crime|Thriller|Action
739,The Secret 4,Mystery|Horror|Children
740,Last Dark Mission,Action|Horror
741,Lost Lawless 1,Crime|Children|Comedy
742,Rapid Fire 4,Action|Thriller
743,The Legend 5,Fantasy|Romance
744,The Children Story (2007),Children|Musical
745,Undercover (2007),Crime|War
746,Future World 5,Sci-Fi|Thriller|Comedy
747,Mystic Quest 1,Adventure|Documentary|Musical
748,Undercover 5,Crime|Comedy|Musical
749,The Heist (1980),Crime|War
750,Great Magic Realm,Fantasy|Film-Noir|Animation|Adventure
751,Bright The Heist,Crime|Animation|War
752,Dark Shadows 7,Horror|Romance|Drama|Film-Noir
753,Lost The Film-Noir Story 3,Film-Noir|Adventure|Sci-Fi
754,Battlefield 6,War|Action
755,The Documentary Story 17,Documentary|Mystery
756,The Long Road 4,Drama|Horror
757,Dark Mystery (2020),Mystery|Animation|Thriller|Action
758,Hidden Combat Zone,War|Crime|Romance|Drama
759,Final Mystical Powers,Fantasy|Adventure|Crime
760,Lost Treasure 3,Adventure|Sci-Fi
761,The War 4,War|Animation
762,Ancient Magic 9,Fantasy|Western
763,First The Children Story,Children|Film-Noir|Western|Drama
764,The Animation Story 30,Animation|Adventure|Children|Documentary
765,Final Strike 1,Action|Romance|Thriller
766,The Musical Story 23,Musical|Action|Comedy|Film-Noir
767,Alien Contact (1993),Sci-Fi|Animation
768,The Children Story 27,Children|Western
769,First The Children Story 1,Children|Romance
770,The Promise 3,Romance|Comedy
771,Mystic Quest 2,Adventure|Sci-Fi|Horror|Drama
772,The Documentary Story 18,Documentary|Musical|Drama
773,Final Digital Reality 1,Sci-Fi|Comedy
774,Battlefield 7,War|Drama|Comedy
775,The Last Stand (2006),Action|Animation
776,The Long Road 5,Drama|War|Documentary|Western
777,Lost Midnight Terror 1,Horror|Musical
778,Last The Conspiracy 2,Thriller|Musical|Horror|Crime
779,Nightmare 3,Horror|Children
780,Nightmare 4,Horror|Romance|Fantasy
781,The Documentary Story 19,Documentary|Sci-Fi
782,War Stories (2016) 1,War|Thriller|Drama
783,First Happy Times,Comedy|Fantasy
784,Dark Shadows (1983),Horror|Comedy|Action
785,The Chase (2010),Thriller|Action|Animation
786,The Long Road 6,Drama|Western|Romance
787,Deadly Force 3,Action|Drama|Fantasy
788,Digital Reality 4,Sci-Fi|Musical|Mystery|Drama
789,Final The Secret,Mystery|Action|Horror|Children
790,The Curse 8,Horror|Crime|Comedy|Fantasy
791,First The Animation Story,Animation|Comedy|Film-Noir
792,Mystical Powers 3,Fantasy|Horror|Drama
793,Last The Chase,Thriller|Western|Comedy
794,Digital Reality 5,Sci-Fi|Animation|Action
795,The Clue 9,Mystery|Romance|War|Comedy
796,Nightmare 5,Horror|Crime
797,First Wild West,Western|Drama
798,The Conspiracy 8,Thriller|Fantasy
799,Great Missing Piece 1,Mystery|Western
800,The Documentary Story 20,Documentary|Action|Crime|Musical
801,Lost Treasure 4,Adventure|Mystery
802,Hidden Dark Mission 1,Action|Adventure
803,Space Station Alpha 3,Sci-Fi|Western|Animation|Action
804,The Children Story 28,Children|Drama|Animation
805,The Last Stand (2011),Action|Comedy|Documentary|Musical
806,Time Paradox 2,Sci-Fi|Crime
807,The Animation Story 31,Animation|Western
808,Alien Contact 5,Sci-Fi|Crime|Film-Noir|Thriller
809,Rapid Fire 5,Action|Fantasy|Crime|War
810,Lawless 4,Crime|Western
811,Space Station Alpha (2014),Sci-Fi|Fantasy|Drama|Adventure
812,The Legend (1989),Fantasy|Horror
813,Hidden The Promise,Romance|Musical
814,Rapid Fire 6,Action|Horror|Western|War
815,The Musical Story 24,Musical|Romance|Sci-Fi
816,Desert Storm (2010),Western|Thriller
817,Missing Piece 3,Mystery|Fantasy|Thriller|Children
818,Forever Yours 5,Romance|Musical|Horror|Action
819,The Outlaw (2001),Western|Film-Noir|War|Documentary
820,First Space Station Alpha,Sci-Fi|Mystery|Film-Noir|Thriller
821,Future World 6,Sci-Fi|Children
822,Lost Alien Contact 1,Sci-Fi|Documentary|Crime
823,The Documentary Story 21,Documentary|Adventure|Musical
824,Frontier Justice 5,Western|Documentary|Mystery|Musical
825,Last Mystic Quest,Adventure|Documentary|Children
826,The Secret 5,Mystery|Drama|Musical|Fantasy
827,Dark Ancient Secrets,Adventure|Thriller|Mystery|Fantasy
828,Final Hour 6,Thriller|Documentary|Sci-Fi|Romance
829,Frontier Justice (2017),Western|Horror
830,Bright Deadly Game 1,Thriller|Musical|Comedy
831,The Film-Noir Story (2018),Film-Noir|Animation
832,Lost Treasure 5,Adventure|War
833,Great The Documentary Story 2,Documentary|Fantasy
834,The Last Stand 8,Action|Musical|Mystery|Comedy
835,Forever Yours 6,Romance|Documentary
836,The Documentary Story (1984),Documentary|Action|Animation|War
837,Magic Realm 9,Fantasy|Horror|Action|Thriller
838,Unsolved Case (2007),Mystery|Children
839,Hidden The Front Line,War|Film-Noir
840,Desert Storm 4,Western|Crime|Romance
841,Desert Storm 5,Western|Horror
842,Dark Deadly Game,Thriller|Mystery
843,The War 5,War|Western|Crime|Thriller
844,Hidden The Animation Story,Animation|Western
845,The Promise 4,Romance|Animation|Western
846,The Children Story 29,Children|Film-Noir|Western
847,The Clue 10,Mystery|Thriller|Comedy|Romance
848,The Haunting 2,Horror|Romance|Action|Thriller
849,Life Stories 4,Drama|Children|Thriller|Action
850,Secret The Long Road,Drama|War|Fantasy
851,Dark Rapid Fire 1,Action|Crime
852,The War 6,War|Thriller
853,Mystic Quest (2016),Adventure|Children|Western|Mystery
854,Bright The Last Stand,Action|Fantasy
855,Hidden Deadly Game,Thriller|Horror|Comedy|Adventure
856,The Animation Story 32,Animation|Fantasy|War
857,Secret Digital Reality,Sci-Fi|Mystery|Documentary
858,Hidden The Promise 1,Romance|Animation
859,Nightmare (1996),Horror|Documentary
860,Great True Love,Romance|Horror|Action|Thriller
861,The Curse 9,Horror|Comedy|Documentary
862,Undercover (1996),Crime|Romance|Comedy|Mystery
863,The Long Road 7,Drama|Thriller|Adventure|Crime
864,Deadly Force 4,Action|Horror|Documentary|Children
865,Ancient Secrets 3,Adventure|Sci-Fi|Western
866,Lost Treasure 6,Adventure|Crime|Horror
867,Deadly Force 5,Action|Fantasy|Animation|Children
868,Combat Zone 2,War|Children|Horror|Fantasy
869,Final The Musical Story,Musical|Adventure
870,Ancient Secrets (1985),Adventure|War
871,The Documentary Story 22,Documentary|Action|Sci-Fi|Fantasy
872,Great War Stories,War|Fantasy|Horror|Musical
873,Lost Treasure 7,Adventure|Fantasy|Sci-Fi|Musical
874,The Animation Story 33,Animation|Horror
875,Hidden Wild West,Western|Mystery|Drama
876,The Animation Story 34,Animation|Thriller
877,Final Dark Mission,Action|Film-Noir|Animation|Fantasy
878,The Clue (1992),Mystery|Adventure
879,The Animation Story (2002),Animation|Adventure|Fantasy
880,Lost Lost Treasure,Adventure|Drama|Western
881,Comedy Central 1,Comedy|Western|Film-Noir
882,First The Musical Story 1,Musical|Western
883,Dark Mission (2023),Action|Romance|Film-Noir
884,Heartstrings 3,Romance|Western|Musical
885,The Children Story 30,Children|Animation|Western|Documentary
886,Bright The Animation Story 2,Animation|Romance|Action
887,Funny Business 5,Comedy|Romance|Documentary|Crime
888,Hidden Broken Dreams,Drama|Thriller
889,First Love Story 1,Romance|War
890,The Musical Story 25,Musical|Western|Comedy
891,Mystical Powers (2018),Fantasy|War|Animation
892,The Musical Story 26,Musical|War
893,Dark Shadows (2021),Horror|Musical|Mystery
894,Dark The Last Stand 1,Action|Documentary
895,Happy Times 4,Comedy|Thriller
896,The Enchanted 1,Fantasy|Thriller|Drama
897,The Ranch 3,Western|Romance|Mystery|Documentary
898,The Heist (1996),Crime|Documentary
899,The Musical Story (2010),Musical|Thriller|Fantasy
900,Dark Mission 3,Action|Film-Noir
901,Wild West 3,Western|Mystery|Action|Drama
902,The Chase 4,Thriller|Crime|Children
903,Secret The Documentary Story,Documentary|Fantasy|Animation
904,Broken Dreams 6,Drama|Musical
905,The Children Story 31,Children|Musical
906,The Film-Noir Story 30,Film-Noir|Musical|Animation|Crime
907,The Animation Story 35,Animation|Action|Film-Noir|Thriller
908,Dark Mystery (2006),Mystery|Musical|Film-Noir
909,The Joke 2,Comedy|Mystery
910,Fading Light (1984),Drama|Horror|Romance
911,The Last Stand 9,Action|Crime|Animation
912,Secret The Documentary Story 1,Documentary|Children|Film-Noir|Animation
913,First Mystical Powers,Fantasy|Crime|Action
914,The Film-Noir Story 31,Film-Noir|Thriller|War|Documentary
915,The Film-Noir Story (2020),Film-Noir|Documentary
916,Space Station Alpha 4,Sci-Fi|Mystery
917,Final The Film-Noir Story 2,Film-Noir|Fantasy|Drama
918,Dark The Joke,Comedy|Western|Action|Adventure
919,Heartstrings 4,Romance|Drama|Children|Action
920,The Legend (2000),Fantasy|Horror|Documentary|War
921,Mystical Powers 4,Fantasy|Romance|Western
922,Lost Battlefield,War|Comedy|Sci-Fi|Film-Noir
923,Comedy Central 2,Comedy|Adventure|Drama
924,The Children Story 32,Children|Drama
925,First The Film-Noir Story 1,Film-Noir|Thriller
926,Dark Mission 4,Action|Crime|Adventure
927,Bright Street Justice,Crime|Horror|Animation|Western
928,Great The Outlaw,Western|Drama
929,The Children Story (2003),Children|Documentary|Crime
930,Great The Promise 1,Romance|Children
931,Missing Piece 4,Mystery|Western|Romance|Animation
932,Final Frontier Justice,Western|Film-Noir|Documentary
933,Last The Animation Story,Animation|Crime|Fantasy|Film-Noir
934,Secret The Documentary Story 2,Documentary|Children|Sci-Fi
935,Dark Shadows (1999),Horror|Mystery|Western
936,Mystical Powers 5,Fantasy|Children|Comedy|Sci-Fi
937,The Film-Noir Story 32,Film-Noir|Horror|Thriller
938,Ancient Magic 10,Fantasy|Documentary|Comedy
939,The Secret (2006) 1,Mystery|Fantasy
940,Life Stories (2020),Drama|Film-Noir
941,Missing Piece 5,Mystery|Documentary
942,The Legend 6,Fantasy|Documentary|Musical
943,Space Station Alpha (2023),Sci-Fi|Comedy|Documentary
944,The War 7,War|Children
945,Dark Fading Light 1,Drama|Animation|Sci-Fi|Film-Noir
946,Last Nightmare 3,Horror|Drama|Comedy|Children
947,The Film-Noir Story (2020) 1,Film-Noir|Horror|Fantasy|Sci-Fi
948,Comedy Central (2014),Comedy|Crime|Animation|Sci-Fi
949,First The Haunting 1,Horror|Documentary|War|Sci-Fi
950,The Musical Story 27,Musical|Action
951,Bright Hidden Truth,Thriller|Documentary
952,The Front Line 4,War|Children
953,Lost The Children Story,Children|Sci-Fi
954,The Animation Story 36,Animation|Children
955,Hidden Truth 5,Thriller|Film-Noir
956,The Clue 11,Mystery|Adventure
957,Dark Desert Storm,Western|War
958,The Decision,Drama|Fantasy|Children
959,The Film-Noir Story 33,Film-Noir|Musical
960,The Children Story 33,Children|Musical|Adventure|Thriller
961,The Musical Story 28,Musical|Thriller
962,Love Story 7,Romance|Adventure
963,Street Justice 3,Crime|Fantasy|Comedy|Film-Noir
964,The Enchanted 2,Fantasy|Comedy
965,Mystic Quest 3,Adventure|War|Documentary|Film-Noir
966,The Film-Noir Story (1986),Film-Noir|Romance|Children
967,Heartstrings 5,Romance|Comedy|Sci-Fi|Film-Noir
968,Lost Forever Yours,Romance|Comedy|Action|Western
969,Heartstrings 6,Romance|Adventure|Drama|Comedy
970,Great Deadly Game,Thriller|Crime|Comedy|Horror
971,Rapid Fire 7,Action|Documentary
972,Last The Ranch,Western|War
973,Laugh Out Loud 6,Comedy|Western
974,Ancient Magic (1986),Fantasy|Mystery|Comedy
975,First The Outlaw,Western|Crime|Musical|Children
976,Hidden Final Hour,Thriller|War|Fantasy|Musical
977,Ancient Secrets (2018),Adventure|Mystery
978,Ancient Magic 11,Fantasy|Animation
979,Hidden The Decision,Drama|Adventure
980,Undercover 6,Crime|Comedy|Thriller
981,Nightmare 6,Horror|Thriller|Film-Noir
982,Last Heartstrings 1,Romance|Action
983,Final Hour 7,Thriller|Film-Noir|Horror|Crime
984,The Outlaw 6,Western|Documentary|Action
985,The Musical Story 29,Musical|Thriller|Comedy|War
986,Journey to the Unknown 6,Adventure|Romance
987,The Last Stand 10,Action|Musical
988,Dark Shadows 8,Horror|Animation|Mystery
989,Missing Piece 6,Mystery|Documentary
990,Laugh Out Loud 7,Comedy|Action
991,Hidden The Children Story,Children|Comedy|Romance|War
992,The Documentary Story 23,Documentary|Horror|Romance
993,The War 8,War|Fantasy
994,The Film-Noir Story 34,Film-Noir|Animation|Romance
995,Broken Dreams (1981),Drama|Sci-Fi|Comedy
996,Lost Comedy Central,Comedy|Romance
997,The Animation Story 37,Animation|War|Horror|Crime
998,The Documentary Story 24,Documentary|Fantasy
999,Last Nightmare 4,Horror|War
1000,The Clue 12,Mystery|Animation
